miRNA,Predicted_Expression,R-squared
hsa-mir-9-2,5975.234061286609,0.9525
hsa-mir-9-3,5981.28302802553,0.9525
hsa-mir-9-1,5976.420268213989,0.9525
hsa-mir-219a-2,26.140360633572527,0.8903
hsa-mir-135a-2,29.38697014732797,0.8621
hsa-mir-181a-1,993.4391411745372,0.8538
hsa-mir-206,275.0239174861621,0.843
hsa-mir-194-2,2060.0170228942047,0.8413
hsa-mir-194-1,1887.588492490565,0.8344
hsa-mir-146b,2191.8809635363623,0.8317
hsa-mir-21,200051.22977447236,0.8303
hsa-mir-519a-1,-1.7086701860344675,0.8296
hsa-mir-30a,62329.54684064489,0.8277
hsa-mir-208b,0.4622083452886423,0.8249
hsa-mir-192,10895.121850146756,0.8246
hsa-let-7i,503.3289041172857,0.8197
hsa-mir-135a-1,27.06117594879936,0.8178
hsa-mir-200c,7750.589051092798,0.8122
hsa-mir-122,3844.06595048638,0.8111
hsa-mir-373,6.503476502149205,0.8072
hsa-mir-92a-2,5466.676660109362,0.8057
hsa-mir-92a-1,6076.891365811172,0.8025
hsa-mir-1-1,56.17567856410548,0.7992
hsa-mir-1-2,59.7669531886314,0.7959
hsa-mir-371a,7.848290060140272,0.7949
hsa-mir-99b,27386.41341623106,0.7938
hsa-mir-487b,47.269969285563086,0.7935
hsa-mir-142,2147.959460842717,0.7924
hsa-mir-375,32966.85600357878,0.7831
hsa-mir-181a-2,1942.1960949416307,0.7807
hsa-mir-181b-1,176.07307285962014,0.7806
hsa-mir-125b-1,518.9468651887973,0.7795
hsa-mir-137,7.861055130877237,0.7794
hsa-mir-203a,29047.344015535404,0.7777
hsa-mir-181b-2,173.13927276579625,0.7732
hsa-mir-128-1,123.21190668425126,0.772
hsa-mir-125b-2,544.7984822262079,0.7703
hsa-mir-4709,1.698242947780277,0.7653
hsa-mir-410,83.32856913838522,0.7622
hsa-mir-124-1,6.496022117989659,0.7604
hsa-mir-124-2,6.552879752846446,0.7601
hsa-mir-10b,57121.1378627686,0.7592
hsa-mir-488,1.7556740767988996,0.7573
hsa-mir-124-3,6.682227060331345,0.7569
hsa-mir-125a,992.1866090391412,0.7534
hsa-mir-378a,1033.1364290748552,0.7468
hsa-mir-222,103.9903137862117,0.7461
hsa-mir-520a,0.8090771746991763,0.7459
hsa-mir-517b,-1.6195725157591188,0.7442
hsa-mir-22,92085.83352874688,0.7439
hsa-mir-517a,-1.4580951032591685,0.7438
hsa-mir-128-2,84.96517884598384,0.7433
hsa-mir-30d,11778.53471060752,0.7425
hsa-mir-512-2,8.442707337865976,0.7425
hsa-mir-512-1,8.285267283128526,0.742
hsa-mir-520f,3.3649928190245824,0.7386
hsa-mir-517c,0.4459596485223178,0.7381
hsa-mir-323a,30.2983522419501,0.7373
hsa-mir-221,339.0085107826045,0.7373
hsa-mir-668,1.223100423375679,0.7371
hsa-mir-541,6.9753258183958815,0.7364
hsa-mir-942,4.9517808273976245,0.7345
hsa-mir-518c,18.92774363499032,0.7265
hsa-mir-519c,1.1909176000036563,0.7252
hsa-mir-520b,5.065144483900214,0.7244
hsa-mir-211,279.86202833074026,0.7225
hsa-mir-143,85725.17834252244,0.7217
hsa-mir-1251,18.586298630832644,0.7194
hsa-mir-598,42.04221344676184,0.7194
hsa-mir-516b-2,1.3766201695701767,0.7192
hsa-mir-200b,729.1558103635329,0.7186
hsa-mir-200a,754.4615639521649,0.7186
hsa-mir-7-2,3.406192740736466,0.7176
hsa-mir-338,710.3990718317641,0.7154
hsa-mir-1292,0.7410363412447951,0.7152
hsa-mir-520c,1.7809029761312116,0.7144
hsa-mir-370,37.8899440167259,0.7141
hsa-mir-15b,229.7405230015616,0.7129
hsa-mir-133a-2,32.78212108471477,0.7126
hsa-mir-155,395.7164005874566,0.7119
hsa-mir-518f,3.078386331912764,0.7106
hsa-mir-30e,14595.812577521478,0.7081
hsa-mir-15a,160.68953250424602,0.7061
hsa-mir-126,3707.366297624384,0.706
hsa-mir-205,2699.580464801267,0.7046
hsa-mir-133a-1,37.90160924533976,0.7039
hsa-mir-10a,28785.685137879067,0.7009
hsa-mir-885,57.95301386131717,0.7001
hsa-mir-17,649.4491806372775,0.6948
hsa-mir-496,8.329047127525193,0.6948
hsa-mir-629,78.90627451387098,0.6938
hsa-mir-519b,-0.0180976467696443,0.6904
hsa-mir-141,1279.1493800685737,0.6895
hsa-mir-7-3,2.2366051948213297,0.6881
hsa-mir-548t,0.0615772540169386,0.6841
hsa-mir-25,7399.222528686243,0.6834
hsa-mir-3127,4.3349739040812185,0.6832
hsa-mir-1307,1385.0747453311374,0.6825
hsa-mir-874,60.987075091525256,0.681
hsa-mir-329-2,2.145637672060801,0.6804
hsa-mir-889,101.1589509793983,0.6802
hsa-mir-130a,93.8469907392998,0.6798
hsa-mir-518b,0.5943859717528248,0.6786
hsa-mir-1283-2,0.4775150777003392,0.6784
hsa-mir-515-1,1.7366654633432623,0.6783
hsa-mir-515-2,1.7559167128496154,0.6778
hsa-mir-199a-1,853.2743546804395,0.674
hsa-mir-105-1,5.276979986848943,0.674
hsa-mir-105-2,5.294311206267018,0.6737
hsa-mir-432,35.37588733510543,0.6736
hsa-mir-302a,31.69582004739081,0.673
hsa-mir-1295b,1.0592642788940156,0.672
hsa-mir-127,2009.1670296903892,0.6719
hsa-mir-302b,29.611748723696337,0.6716
hsa-mir-382,50.532980889393706,0.6714
hsa-mir-329-1,2.012810322543447,0.6711
hsa-mir-346,0.8077006752193242,0.6709
hsa-mir-199a-2,1412.1374687786304,0.6692
hsa-mir-526b,8.670520717523289,0.6688
hsa-mir-148a,80633.54986693429,0.6673
hsa-mir-193a,268.85812566930707,0.6673
hsa-mir-101-2,6231.345300698043,0.6665
hsa-mir-521-2,0.2547648740115701,0.6664
hsa-mir-30c-2,648.3990510048428,0.6647
hsa-mir-101-1,6182.036856397584,0.6633
hsa-mir-520e,1.905188903336831,0.6627
hsa-mir-106b,500.2682351778409,0.662
hsa-mir-1224,23.81141600689049,0.6616
hsa-mir-516b-1,2.518777125248789,0.6615
hsa-mir-302d,4.066558462892036,0.6587
hsa-mir-523,1.0000734797263222,0.6584
hsa-mir-378c,13.26235987652242,0.6573
hsa-mir-524,0.2821426400085889,0.6573
hsa-mir-199b,1811.463566134643,0.6567
hsa-mir-539,42.48519826095621,0.6562
hsa-mir-99a,899.6311933817062,0.6555
hsa-mir-1197,0.478587873234337,0.6543
hsa-mir-520d,1.4215511541243817,0.6531
hsa-mir-495,17.3026802163669,0.6531
hsa-mir-219a-1,3.984936687247197,0.653
hsa-mir-1185-1,0.5714751800278268,0.6525
hsa-mir-1301,12.566329500252078,0.6502
hsa-mir-138-1,4.870367412092221,0.6483
hsa-mir-409,71.7810675463916,0.6452
hsa-mir-34a,314.9400053924826,0.6444
hsa-mir-146a,367.16466232687577,0.6441
hsa-mir-1180,26.155895790879928,0.6437
hsa-mir-518a-2,2.754011668592846,0.6432
hsa-mir-23a,2860.220523483184,0.6426
hsa-mir-429,154.5703425929321,0.6385
hsa-mir-503,27.81333382124196,0.6379
hsa-let-7b,10703.676507236982,0.6373
hsa-mir-519a-2,12.060015892555723,0.6372
hsa-mir-527,3.297153024239908,0.6368
hsa-mir-518a-1,2.155586004135539,0.6338
hsa-mir-96,22.06581932376634,0.6332
hsa-mir-3613,13.77419484345238,0.633
hsa-mir-1185-2,0.3147206344302256,0.6328
hsa-mir-20a,305.9158997103174,0.6317
hsa-mir-770,0.368991714154576,0.6306
hsa-let-7c,2374.6868374935693,0.627
hsa-mir-1179,0.7629225614992945,0.6267
hsa-mir-431,104.87092357720412,0.6266
hsa-mir-18a,15.425850253448504,0.6264
hsa-mir-4454,0.3914820365388936,0.626
hsa-mir-210,728.0228935630328,0.6252
hsa-mir-526a-1,0.0657171981386593,0.6248
hsa-mir-543,3.679072751099353,0.6243
hsa-mir-519d,0.6593815249746591,0.6238
hsa-mir-520g,2.9083572080246496,0.6231
hsa-mir-498,0.7308650537041761,0.6222
hsa-mir-449a,10.351469945159206,0.6216
hsa-mir-133b,15.58265392875937,0.6215
hsa-mir-944,24.226039631199622,0.621
hsa-mir-767,9.260799423846224,0.6197
hsa-mir-181c,87.93384111470692,0.6196
hsa-mir-934,5.962212938407676,0.6161
hsa-mir-525,4.037587808377113,0.6145
hsa-mir-7-1,25.278386225996087,0.6113
hsa-mir-324,45.360397263036425,0.6109
hsa-mir-576,10.739859404559288,0.6099
hsa-mir-2682,0.2934627248879474,0.6097
hsa-mir-6499,1.5837070685208463,0.6094
hsa-mir-140,1491.050620164236,0.6087
hsa-mir-136,146.89783860899632,0.6079
hsa-mir-361,445.255298892689,0.6055
hsa-mir-4746,2.240720501051116,0.6051
hsa-mir-190b,1.8624276784417773,0.6045
hsa-mir-93,4060.9799556955886,0.6032
hsa-mir-135b,59.04598448111906,0.6032
hsa-mir-509-1,108.68667932154722,0.6018
hsa-mir-511,12.080599980983632,0.6013
hsa-mir-138-2,3.5278076630228328,0.601
hsa-mir-185,89.40458194507053,0.6004
hsa-mir-369,30.50826305598664,0.6002
hsa-mir-664a,60.99827788520159,0.5998
hsa-mir-380,3.875542478078347,0.5998
hsa-mir-1283-1,0.0152466465469325,0.5992
hsa-mir-509-2,108.60833420026388,0.5987
hsa-mir-758,40.158561715416894,0.5954
hsa-mir-508,1601.790025800416,0.595
hsa-mir-365b,92.5403367467328,0.5948
hsa-mir-520h,1.1857667793440152,0.5934
hsa-mir-584,82.84525598820775,0.5921
hsa-mir-3943,0.1714317759818168,0.5919
hsa-mir-34c,27.962647052922726,0.5906
hsa-mir-365a,93.08859082401072,0.5902
hsa-mir-671,7.706737404612971,0.5898
hsa-mir-4677,8.474928690387502,0.5895
hsa-mir-323b,22.92306110451694,0.589
hsa-mir-150,512.203241255662,0.5888
hsa-mir-151a,2058.1154466743037,0.5884
hsa-mir-513b,2.8450970209767084,0.5863
hsa-mir-510,1.124011983172956,0.5862
hsa-mir-30c-1,560.9844390124108,0.5857
hsa-mir-29c,4284.584311679443,0.5855
hsa-mir-6810,0.3017779576405967,0.5847
hsa-mir-487a,5.847295965208532,0.5846
hsa-mir-181d,15.379390915283702,0.5844
hsa-mir-433,27.79662453251672,0.5833
hsa-mir-769,25.056812947300852,0.5832
hsa-mir-29a,10467.149773192274,0.5823
hsa-mir-16-1,290.7273266505915,0.5822
hsa-mir-92b,195.8936093972818,0.5818
hsa-mir-509-3,135.0681383930891,0.5817
hsa-mir-16-2,295.6323351622502,0.5804
hsa-mir-27a,1463.9186875582802,0.5799
hsa-mir-132,143.21425909862987,0.5789
hsa-mir-449b,2.588917079884596,0.5779
hsa-mir-28,3329.642801282133,0.5776
hsa-mir-29b-2,587.4192225598867,0.5764
hsa-mir-196b,378.2855202596015,0.576
hsa-mir-484,76.97083473909734,0.575
hsa-mir-182,16901.56833492402,0.575
hsa-mir-676,2.538609594173653,0.574
hsa-mir-19b-1,76.20680937085282,0.5737
hsa-mir-107,74.22652961016881,0.5736
hsa-mir-154,17.444832042495946,0.5736
hsa-mir-491,3.6327811063558144,0.5722
hsa-mir-320a,531.8582231143305,0.5721
hsa-mir-625,236.2484972930758,0.5717
hsa-mir-29b-1,554.1202860433999,0.5689
hsa-mir-507,2.5583299856079424,0.5667
hsa-mir-664b,7.549095990844548,0.5665
hsa-mir-152,268.1178503857643,0.5665
hsa-mir-372,20.739036974416763,0.5664
hsa-let-7a-3,7938.832033513677,0.5645
hsa-let-7e,1432.8331173498837,0.5641
hsa-let-7a-2,7891.733017975695,0.564
hsa-let-7a-1,7919.534079695481,0.564
hsa-mir-542,307.17205107683884,0.5639
hsa-mir-1266,7.755409142916941,0.5626
hsa-mir-3166,0.040419508974054,0.5622
hsa-mir-4772,6.582670831635904,0.5621
hsa-mir-552,3.377806398941132,0.562
hsa-mir-30b,731.3561194985368,0.562
hsa-mir-149,71.95580575350556,0.5589
hsa-mir-877,2.43612275843659,0.5581
hsa-mir-151b,2.2338556221326,0.5578
hsa-mir-3200,5.9923458076155,0.5566
hsa-mir-423,182.7422091481024,0.5534
hsa-mir-450b,19.37517651186492,0.5533
hsa-mir-100,3884.913760304273,0.553
hsa-mir-516a-1,6.45837827418066,0.5529
hsa-mir-590,20.893501043291227,0.5527
hsa-mir-381,121.27636596766617,0.5521
hsa-mir-516a-2,4.442791625191017,0.552
hsa-mir-449c,1.4098795357884109,0.5517
hsa-let-7d,573.9539505301661,0.551
hsa-mir-656,2.1173862730635675,0.5507
hsa-mir-183,6369.634072548182,0.5505
hsa-mir-1323,-0.1387737001894873,0.5503
hsa-mir-202,101.87085487739988,0.5502
hsa-mir-744,48.56537636416964,0.5491
hsa-mir-506,28.441731966166977,0.5487
hsa-mir-518e,4.121912529679531,0.5487
hsa-mir-6512,0.0771648508245438,0.547
hsa-mir-31,54.66382795951998,0.5467
hsa-mir-6509,1.3255819030420577,0.5459
hsa-mir-217,4739.449631226632,0.5457
hsa-mir-218-2,28.282532973828967,0.5453
hsa-mir-374a,747.9900771452066,0.5452
hsa-mir-20b,28.81158633549834,0.5438
hsa-mir-27b,1802.4115796261635,0.5432
hsa-mir-214,18.88974416533726,0.5426
hsa-mir-24-2,967.0659168517996,0.5418
hsa-mir-466,0.3568354851089564,0.5413
hsa-mir-450a-1,6.275371295150872,0.541
hsa-mir-218-1,29.924627638421583,0.5382
hsa-mir-328,79.79128481783727,0.5366
hsa-mir-544a,0.5675436196129953,0.5359
hsa-mir-24-1,963.4859830602054,0.5354
hsa-mir-103a-2,10113.005001154925,0.535
hsa-mir-450a-2,6.364189675729802,0.5342
hsa-mir-139,99.46328305953628,0.5339
hsa-mir-103a-1,10098.939417404104,0.5337
hsa-mir-23b,1167.9529876045783,0.5334
hsa-mir-513a-2,3.319700651959188,0.5334
hsa-mir-522,7.939110853369787,0.5333
hsa-mir-197,508.7260746317357,0.533
hsa-mir-19b-2,69.029196410881,0.5325
hsa-mir-19a,23.99711162936749,0.5317
hsa-mir-455,337.8598008458513,0.5313
hsa-mir-519e,0.2655024015190039,0.5309
hsa-mir-5586,2.705181256393308,0.5289
hsa-mir-3934,2.059857791247376,0.5288
hsa-mir-190a,5.89421535022249,0.5283
hsa-mir-652,26.876433764753223,0.5274
hsa-mir-6843,0.4819296983288869,0.5274
hsa-mir-3605,2.4424024734880385,0.525
hsa-mir-6875,0.3268814576708547,0.5231
hsa-mir-379,1365.5681454053256,0.5225
hsa-mir-513a-1,3.189801398007287,0.5221
hsa-mir-5588,0.3101163397141346,0.521
hsa-mir-340,26.0700253776496,0.5208
hsa-mir-651,3.289570278908416,0.5205
hsa-mir-501,49.314187366852885,0.5199
hsa-mir-296,9.88790595863646,0.5182
hsa-mir-2355,46.45032582853874,0.5172
hsa-mir-130b,31.015989761413888,0.5165
hsa-mir-191,635.0662813823665,0.5161
hsa-mir-655,5.147758035391481,0.5153
hsa-mir-2110,2.303847819716053,0.5151
hsa-mir-320c-1,0.7327970552302879,0.5148
hsa-mir-98,54.8568819792511,0.5145
hsa-mir-26a-2,1293.8247090395664,0.5142
hsa-mir-616,4.809754810011273,0.5142
hsa-mir-374b,81.7404186178651,0.5134
hsa-mir-34b,7.623233060909744,0.5132
hsa-mir-3616,0.2690016600915427,0.5132
hsa-let-7g,824.0566209088598,0.5131
hsa-mir-1293,3.3139810403060994,0.5125
hsa-mir-939,0.659940456144547,0.5123
hsa-mir-760,1.7909825541266882,0.5121
hsa-mir-513c,8.368639500971096,0.5117
hsa-mir-335,50.3680492289989,0.5111
hsa-mir-577,19.258455789334327,0.5111
hsa-mir-26a-1,1291.0555862300207,0.5108
hsa-mir-452,89.97138736314098,0.5102
hsa-mir-195,45.69780055236655,0.51
hsa-mir-376a-1,6.250873254924192,0.5098
hsa-mir-345,24.88420045918975,0.5098
hsa-mir-299,9.105871733223491,0.5086
hsa-mir-1306,8.23750495220504,0.5067
hsa-mir-6510,3.148047537785815,0.5066
hsa-mir-377,7.073082703161433,0.5064
hsa-mir-514a-3,231.31750157180156,0.5062
hsa-mir-204,190.03732969636792,0.5058
hsa-mir-514a-2,231.1597546976172,0.5057
hsa-mir-514a-1,230.80652073823256,0.5054
hsa-mir-148b,178.00646486245725,0.5043
hsa-mir-193b,114.92127157998462,0.5036
hsa-mir-6877,0.2522179510087805,0.5004
hsa-mir-940,2.8382473012287863,0.4993
hsa-mir-766,13.49632521580012,0.4992
hsa-mir-514b,1.799610009604163,0.4989
hsa-mir-7110,0.2331654125553997,0.4975
hsa-mir-1287,29.423198044046977,0.4973
hsa-mir-342,134.28426773964406,0.4966
hsa-mir-485,13.412881580727037,0.496
hsa-mir-4484,0.5158227597022548,0.4953
hsa-mir-4770,0.0407326401576746,0.4952
hsa-mir-6892,2.0556232146599687,0.4946
hsa-mir-6747,0.1708621587496503,0.4923
hsa-mir-3917,1.9996332210570409,0.4921
hsa-mir-186,285.55799273629736,0.4909
hsa-mir-301a,14.187530605024724,0.4903
hsa-mir-454,8.856289516371952,0.4889
hsa-mir-424,188.340225215556,0.488
hsa-mir-330,30.126018554089327,0.4879
hsa-mir-532,899.294265765659,0.4874
hsa-mir-5001,0.5166677148538701,0.4862
hsa-mir-3922,0.593717265644937,0.4861
hsa-mir-935,6.596755143355304,0.4861
hsa-mir-4491,0.2186001884368991,0.4858
hsa-mir-497,23.79700970720087,0.4848
hsa-mir-421,3.764449478877253,0.4833
hsa-mir-412,48.357759273090224,0.4814
hsa-mir-411,17.399652990805503,0.4808
hsa-mir-708,117.74865343617464,0.4806
hsa-mir-32,40.18058014309573,0.4806
hsa-mir-500a,279.33401493382894,0.4798
hsa-mir-147b,1.4684620879353696,0.4787
hsa-mir-3928,1.4127919265433726,0.4785
hsa-mir-95,6.86509425797508,0.4781
hsa-mir-1271,3.615398828775193,0.478
hsa-mir-224,74.45384918948156,0.477
hsa-mir-203b,41.825682987471154,0.4766
hsa-mir-106a,23.412461030485357,0.4757
hsa-mir-483,144.1124443175405,0.4748
hsa-mir-6842,2.2860531678048077,0.4737
hsa-mir-502,12.92555125673653,0.4734
hsa-mir-4664,0.6096196489617063,0.4722
hsa-mir-3614,3.4741903135822234,0.4719
hsa-mir-548b,1.2248643740435063,0.4704
hsa-mir-6815,0.4817703914266456,0.47
hsa-mir-1296,11.71015530239458,0.4696
hsa-mir-376c,10.7841780535424,0.4672
hsa-mir-3615,5.459899257615817,0.4655
hsa-mir-4661,4.498061479307086,0.4653
hsa-mir-4433a,0.1232600269863342,0.463
hsa-mir-301b,1.100133255171112,0.4628
hsa-mir-3173,0.4829303767278853,0.4596
hsa-mir-518d,0.1101214268458788,0.4593
hsa-mir-1249,2.973112630471247,0.4581
hsa-mir-521-1,3.782702882623907,0.4577
hsa-mir-1343,0.8369142206717759,0.4572
hsa-mir-129-1,77.6472313076891,0.4563
hsa-mir-212,7.473349429396271,0.4555
hsa-mir-5708,0.1869081980496993,0.4543
hsa-mir-505,50.2226267636868,0.4541
hsa-mir-580,0.3571833832373847,0.4536
hsa-mir-654,46.28483996449727,0.4532
hsa-mir-582,253.9320955499384,0.4528
hsa-mir-7702,1.3591721193105812,0.4527
hsa-mir-320c-2,0.4211619254817438,0.4525
hsa-mir-3622a,0.6037180991470309,0.4511
hsa-mir-26b,1025.382215560474,0.4508
hsa-mir-1273h,0.0401584805330888,0.4496
hsa-mir-134,320.9915069819899,0.4494
hsa-mir-3187,0.4461268701532376,0.4484
hsa-mir-628,21.344656822533818,0.4482
hsa-mir-1234,0.0674859278273079,0.4456
hsa-mir-6511b-1,1.5681832987004625,0.4446
hsa-mir-550a-1,2.4008264205334537,0.4437
hsa-mir-129-2,87.63488707663724,0.4435
hsa-mir-1254-1,0.2922292886565711,0.4415
hsa-mir-5683,5.18626926037093,0.439
hsa-mir-320b-1,2.448911929726065,0.438
hsa-mir-6854,1.0433091564702084,0.4372
hsa-mir-4778,0.0074988904141099,0.4371
hsa-mir-4662a,22.79912840797477,0.4364
hsa-mir-2277,1.041447733349078,0.4358
hsa-mir-337,55.29003306969717,0.4353
hsa-mir-5187,0.4290185721694334,0.4351
hsa-mir-1254-2,0.2775611007520857,0.4348
hsa-mir-549a,0.2087408029411077,0.4347
hsa-mir-5571,0.6595042635833821,0.4344
hsa-mir-1270,3.3279085778218915,0.4331
hsa-mir-550a-2,2.208181740008609,0.4325
hsa-mir-592,17.576724608202852,0.4322
hsa-mir-3074,4.778234348605377,0.4315
hsa-mir-1247,39.728890086904165,0.4309
hsa-mir-6716,0.4730917810107744,0.4307
hsa-mir-331,33.04888392866644,0.4284
hsa-mir-216a,87.8289259737222,0.4262
hsa-mir-494,2.6392010608810077,0.426
hsa-mir-6860,0.0687797290285167,0.4248
hsa-mir-660,63.088753332628485,0.4246
hsa-mir-493,20.074287000138167,0.4238
hsa-mir-6834,0.1186975467214694,0.423
hsa-mir-574,89.79075505067642,0.4223
hsa-mir-1226,2.9161422609356182,0.4208
hsa-mir-4326,6.465390454395518,0.4199
hsa-mir-320b-2,3.936791277263286,0.4197
hsa-mir-339,54.87655650573666,0.419
hsa-mir-3610,0.7701872206704699,0.4174
hsa-mir-6511b-2,1.829220678971362,0.4159
hsa-mir-378d-2,0.6473005193815803,0.4158
hsa-mir-6885,0.1996744105921279,0.4154
hsa-mir-4473,0.3561790642591149,0.4137
hsa-mir-6806,0.923559169300464,0.4126
hsa-mir-4745,0.2458793850256433,0.4125
hsa-mir-1245a,1.155847560073349,0.4113
hsa-mir-548x,0.0815730330117726,0.4107
hsa-mir-3170,1.6845706972097836,0.4091
hsa-mir-624,1.6766673064371238,0.4086
hsa-mir-7161,0.0350806779021716,0.4073
hsa-mir-4668,2.8196966686346605,0.406
hsa-mir-425,302.6153215237196,0.4049
hsa-mir-1228,1.6832760083531282,0.404
hsa-mir-6833,0.1811361534902282,0.4034
hsa-mir-5010,1.8712265324471016,0.4022
hsa-mir-3691,0.2585050442464268,0.4005
hsa-mir-188,4.705671951011906,0.3988
hsa-mir-6514,0.3335589550402252,0.3987
hsa-mir-4636,0.6260144222269095,0.3977
hsa-mir-223,293.5109865187907,0.3967
hsa-mir-643,0.6574691557485498,0.396
hsa-mir-3158-1,0.1836142879916776,0.3947
hsa-mir-3177,0.14600309023044,0.3939
hsa-mir-378d-1,0.4617245235427614,0.3918
hsa-mir-1915,0.1488758492676656,0.3906
hsa-mir-7974,0.2458547013460982,0.3902
hsa-mir-2115,0.919493437058367,0.3899
hsa-mir-573,0.0555957828562471,0.3898
hsa-mir-7705,0.865305211858061,0.3888
hsa-mir-6797,0.2021308630501976,0.3886
hsa-mir-6720,2.467144084150974,0.3883
hsa-mir-4685,0.2937438964034134,0.3861
hsa-mir-3912,0.9048048312733524,0.3855
hsa-mir-1914,0.1113915894244368,0.3855
hsa-mir-153-1,5.454405611979378,0.3854
hsa-mir-6783,0.1697446172912898,0.381
hsa-mir-6803,0.3643674301282437,0.3802
hsa-mir-5590,0.0499034838403671,0.3799
hsa-mir-589,69.72568679422467,0.3795
hsa-mir-4676,0.2587183292201142,0.3792
hsa-mir-642a,2.5906738370357427,0.3769
hsa-mir-1910,0.3692310500237733,0.3762
hsa-let-7f-2,4252.260037225956,0.3761
hsa-let-7f-1,4172.970936777001,0.3758
hsa-mir-6762,0.1416839416200078,0.373
hsa-mir-500b,8.028987409561719,0.3729
hsa-mir-489,1.8905365017270757,0.3719
hsa-mir-1260b,0.0938311306063064,0.371
hsa-mir-4524a,0.2037558829299747,0.3708
hsa-mir-4646,0.0802556534903861,0.3696
hsa-mir-550a-3,1.0861969202554882,0.3693
hsa-mir-551b,6.503275149009713,0.3691
hsa-mir-6741,0.0715031882376638,0.3689
hsa-mir-6894,0.1475300803580268,0.3681
hsa-mir-1262,0.9216972711517044,0.3664
hsa-mir-216b,78.15460786359644,0.3657
hsa-mir-3652,1.3132627883037855,0.3639
hsa-mir-3677,4.115788737696036,0.3632
hsa-mir-5684,0.3652102527861273,0.3627
hsa-mir-3682,0.6772457193235321,0.3619
hsa-mir-1243,0.1057512293687802,0.3611
hsa-mir-7706,2.367701943133218,0.3608
hsa-mir-376a-2,1.5330533111921854,0.36
hsa-mir-6798,0.25771889899743,0.359
hsa-mir-145,2311.960453496991,0.3583
hsa-mir-2113,0.0389902079691029,0.3578
hsa-mir-3941,0.3378688705881031,0.3578
hsa-mir-802,6.605133849601884,0.3572
hsa-mir-196a-1,55.95750815828121,0.3556
hsa-mir-4705,0.0865159328374463,0.3551
hsa-mir-6820,0.6349041905061511,0.3549
hsa-mir-5000,1.459136709761068,0.3547
hsa-mir-6731,0.1573332254186432,0.3534
hsa-mir-3651,1.618453766413067,0.3532
hsa-mir-6728,0.095921642943202,0.3531
hsa-mir-7156,1.0564591957451328,0.3531
hsa-mir-3678,0.6219362042667275,0.353
hsa-mir-3942,0.2007616921285875,0.3521
hsa-mir-3150b,0.5974090647139911,0.3512
hsa-mir-1976,10.093346016111502,0.3505
hsa-mir-5691,0.0569682684449303,0.3492
hsa-mir-196a-2,67.17722011199263,0.3482
hsa-mir-3620,0.2061080056151423,0.347
hsa-mir-556,0.8104312101319776,0.3468
hsa-mir-7845,0.163106103008849,0.3463
hsa-mir-7157,0.0102232851354624,0.3454
hsa-mir-6730,0.3651153209040709,0.3443
hsa-mir-363,21.890944873791675,0.3438
hsa-mir-6735,0.1392249526003643,0.3435
hsa-mir-215,162.43115972979413,0.3432
hsa-mir-636,0.2466662006983051,0.3393
hsa-mir-937,5.038434664491808,0.339
hsa-mir-559,0.0976160455143953,0.3378
hsa-mir-320d-1,0.3663520910125955,0.3375
hsa-mir-6802,0.4890418538547436,0.3372
hsa-mir-3152,0.1191838158250554,0.3372
hsa-mir-3607,87.61506943096931,0.3353
hsa-mir-627,1.819611507866572,0.3347
hsa-mir-4423,1.6553833932022228,0.331
hsa-mir-4773-2,0.1252679323888582,0.3305
hsa-mir-3681,-0.1158064848273092,0.3291
hsa-mir-548j,0.5373757690023145,0.3289
hsa-mir-1468,17.756079915760886,0.3278
hsa-mir-6808,0.51785367372357,0.3277
hsa-mir-1538,0.207687581380407,0.3256
hsa-mir-548s,0.2017717055349941,0.324
hsa-mir-3929,0.0423020504516038,0.3238
hsa-mir-153-2,57.665023972169024,0.3237
hsa-mir-383,9.20402912134154,0.3236
hsa-mir-887,7.201863832628065,0.3202
hsa-mir-2114,1.2388765749653747,0.3202
hsa-mir-3926-2,0.3923545809668974,0.3201
hsa-mir-4684,0.0775326612878385,0.3199
hsa-mir-1193,0.0371685519754978,0.3198
hsa-mir-144,231.4170416496587,0.3197
hsa-mir-6777,0.1956528623741433,0.3196
hsa-mir-4652,0.8343994181688523,0.3193
hsa-mir-3913-2,1.6811957772561985,0.319
hsa-mir-3193,0.3751143142589042,0.3177
hsa-mir-3154,0.1236527644109281,0.3174
hsa-mir-615,4.581119570011456,0.3167
hsa-mir-3188,0.2641489061029138,0.3166
hsa-mir-585,0.7013837440056666,0.3165
hsa-mir-6879,0.1877314442406684,0.3164
hsa-mir-486-2,100.15918372286822,0.3164
hsa-mir-3132,0.0900581981318127,0.3159
hsa-mir-3199-2,0.7189424208179481,0.3156
hsa-mir-486-1,100.8070580238886,0.3154
hsa-mir-4797,0.2564076433501875,0.3151
hsa-mir-4724,1.278486885284991,0.3145
hsa-mir-362,34.44848786807769,0.314
hsa-mir-376b,2.835910988259823,0.3136
hsa-mir-5584,0.0062499413103218,0.3128
hsa-mir-665,0.3869971841777421,0.3119
hsa-mir-6761,0.9686519297843654,0.3117
hsa-mir-451a,948.624424072722,0.3105
hsa-mir-3130-1,1.720415659438406,0.309
hsa-mir-5706,0.4356019533599179,0.3076
hsa-mir-548d-2,0.0992589169361456,0.3075
hsa-mir-320d-2,0.3831369034489105,0.3074
hsa-mir-618,1.297584971908701,0.3071
hsa-mir-4786,0.5866113580696809,0.307
hsa-mir-4501,0.5082140657055542,0.3035
hsa-mir-5690,0.1869740875056801,0.3028
hsa-mir-561,1.4367553360467489,0.3025
hsa-mir-1276,0.131600035057534,0.3018
hsa-mir-662,0.021103785690091,0.3017
hsa-mir-4766,0.3077941056206807,0.3016
hsa-mir-5699,0.8044844223614428,0.3016
hsa-mir-4791,0.351848435958396,0.3013
hsa-mir-3130-2,1.7801001901959006,0.3009
hsa-mir-4742,0.6836152555289997,0.3001
hsa-mir-3138,0.1055601634980826,0.2996
hsa-mir-6784,0.0853021852338897,0.2996
hsa-mir-4725,0.0813735977553887,0.2992
hsa-mir-4647,0.0920218742576542,0.298
hsa-mir-639,0.3844426212892516,0.2974
hsa-mir-6748,0.1409828193676233,0.2958
hsa-mir-4523,0.1185967455805636,0.2951
hsa-mir-504,0.7971579220319345,0.2944
hsa-mir-490,2.6496051502010185,0.2943
hsa-mir-891a,237.943573986512,0.2941
hsa-mir-6132,0.1731610712417454,0.294
hsa-mir-3940,0.7752354414306107,0.2937
hsa-mir-6793,0.1430221542426377,0.2936
hsa-mir-3944,0.3934465136632543,0.2929
hsa-mir-6814,0.1566936866848749,0.2913
hsa-mir-4713,0.073806744606946,0.2913
hsa-mir-3612,-0.0102013621837235,0.2912
hsa-mir-1908,0.0833236082351435,0.2894
hsa-mir-33b,4.513257808802882,0.2892
hsa-mir-5694,0.0481840733888383,0.2885
hsa-mir-3913-1,1.5327919931543297,0.2859
hsa-mir-579,0.4397256137991094,0.2843
hsa-mir-6744,0.0789389058369629,0.2836
hsa-mir-6125,0.2479604076755828,0.2835
hsa-mir-4518,0.0054384369341708,0.2829
hsa-mir-4699,0.0576776218527237,0.2827
hsa-mir-5687,0.3515197738524145,0.2808
hsa-mir-621,0.0283037797147804,0.2803
hsa-mir-548d-1,0.0963417070979033,0.2791
hsa-mir-5680,0.2466320605883732,0.2785
hsa-mir-3926-1,0.2300954231137796,0.2774
hsa-mir-570,0.7097298462716621,0.2772
hsa-mir-4479,0.0900053951178535,0.2771
hsa-mir-548ag-2,0.2396608885924063,0.2761
hsa-mir-3591,0.2547010818325783,0.2759
hsa-mir-7641-2,0.2334745096406138,0.2755
hsa-mir-4773-1,0.0870402047806438,0.2752
hsa-mir-1295a,0.5782247827243232,0.2742
hsa-mir-1277,1.6209186213321112,0.2738
hsa-mir-607,0.3106430050527299,0.2733
hsa-mir-5579,0.1781034721998635,0.2729
hsa-mir-876,0.246936657151594,0.2716
hsa-mir-1269a,193.74715938826608,0.2714
hsa-mir-6755,0.8938268712890064,0.2708
hsa-mir-4517,0.0800006917253469,0.2703
hsa-mir-4735,0.0535309293930442,0.2697
hsa-mir-5008,0.0799193637483262,0.2694
hsa-mir-7641-1,0.2402446821163366,0.2682
hsa-mir-7112,0.1444253274192679,0.2675
hsa-mir-1258,1.517342352366001,0.2667
hsa-mir-2116,0.567365913260254,0.2662
hsa-mir-6746,0.0480755272598158,0.2658
hsa-mir-7978,0.0557325004403252,0.2655
hsa-mir-6895,0.0780791520603563,0.2652
hsa-mir-4660,0.3258082772733218,0.2652
hsa-mir-3664,0.3038564754511257,0.2649
hsa-mir-548k,0.1843422549637386,0.2641
hsa-mir-675,158.45535431735837,0.2636
hsa-mir-5091,0.3541437772954376,0.2635
hsa-mir-6501,0.3335648852519742,0.2633
hsa-mir-4665,0.0726950417847061,0.2628
hsa-mir-187,36.9410232359313,0.2623
hsa-mir-6750,0.0972171889573857,0.262
hsa-mir-3679,0.0854868147978822,0.2614
hsa-mir-5002,0.1602898095720435,0.2611
hsa-mir-4758,0.3582537150763178,0.2611
hsa-mir-6764,0.1384411405306365,0.2588
hsa-mir-8072,0.1932530319289309,0.2585
hsa-mir-6812,0.0877825764508196,0.258
hsa-mir-548au,0.149807766141743,0.2579
hsa-mir-551a,0.6594914871300084,0.2571
hsa-mir-4638,0.4242484587822893,0.2568
hsa-mir-6507,0.2223516986818491,0.2566
hsa-mir-6837,1.1403716771804,0.2565
hsa-mir-499a,2.680220666198508,0.255
hsa-mir-4763,0.1390814881699574,0.2549
hsa-mir-6880,0.0397514408611926,0.2541
hsa-mir-7854,0.300768734652781,0.2528
hsa-mir-548v,0.929631232210584,0.2521
hsa-mir-4796,0.1595979589052143,0.2508
hsa-mir-873,0.6123723565690495,0.2494
hsa-mir-3911,0.07054560206355,0.2489
hsa-mir-1227,0.0848649881205537,0.2481
hsa-mir-7152,0.1471655978867019,0.2479
hsa-mir-3158-2,0.1108325005444758,0.2473
hsa-mir-581,0.3680101887376026,0.247
hsa-mir-4755,0.1277918437402651,0.244
hsa-mir-6749,0.0510532861545474,0.2439
hsa-mir-653,35.41451923851235,0.2437
hsa-mir-6516,0.7715986185728025,0.2415
hsa-mir-4649,0.1181568647662813,0.2407
hsa-mir-1288,0.4955100541322868,0.2401
hsa-mir-4520-1,0.0346682773386164,0.2391
hsa-mir-658,0.2254880727571366,0.2389
hsa-mir-3131,0.3624197485148929,0.2387
hsa-mir-548e,0.3273588945798376,0.2377
hsa-mir-4999,1.124338599076028,0.2375
hsa-mir-3909,0.4521710012895583,0.2372
hsa-mir-219b,0.3261881439161469,0.2364
hsa-mir-3150a,0.0668865535673054,0.236
hsa-mir-5581,0.1537155476620516,0.2351
hsa-mir-2117,0.0460652406739468,0.2346
hsa-mir-6853,0.03962092140109,0.2323
hsa-mir-4469,0.1228591594743222,0.2285
hsa-mir-4736,0.0736040778520658,0.2283
hsa-mir-4449,2.1353104276674504,0.2268
hsa-mir-3191,0.40091418823686,0.2267
hsa-mir-33a,33.147938359887995,0.2265
hsa-mir-4444-2,0.5932523590566546,0.2259
hsa-mir-5088,0.0334361269452292,0.2259
hsa-mir-548ba,0.1697315762909856,0.2259
hsa-mir-6737,0.0928185217756912,0.2255
hsa-mir-4443,0.4629180944715302,0.2252
hsa-mir-4521,0.7711581282887001,0.225
hsa-mir-4442,0.2082334816849238,0.2247
hsa-mir-6805,0.0796509778260084,0.2245
hsa-mir-6871,0.0465490733044102,0.2239
hsa-mir-632,0.2049430819728021,0.2222
hsa-mir-6886,0.032494307100949,0.2218
hsa-mir-3189,0.2099914012036983,0.2212
hsa-mir-6882,0.1458203456347841,0.2211
hsa-mir-4640,0.1723231129536519,0.2204
hsa-mir-3684,0.1937961662557761,0.2202
hsa-mir-4525,0.183019116265237,0.2197
hsa-mir-5090,0.2507479732103597,0.2195
hsa-mir-6786,0.0398088038553892,0.2181
hsa-mir-3136,0.3902331015129111,0.2178
hsa-mir-6781,0.1667722970982422,0.2176
hsa-mir-4658,0.2140374890229525,0.217
hsa-mir-3619,0.1320167407955223,0.2165
hsa-mir-4703,0.0724500427953198,0.2154
hsa-mir-6800,0.0261567248413546,0.2149
hsa-mir-4756,0.1051442512261978,0.2144
hsa-mir-6754,0.0297086484092145,0.2135
hsa-mir-4785,0.1182133358646283,0.2123
hsa-mir-6847,0.0293107263503882,0.2122
hsa-mir-5092,0.1019104994006349,0.2119
hsa-mir-3125,0.0272000738977806,0.2114
hsa-mir-3617,0.0897324575488737,0.2108
hsa-mir-3176,0.0558948533519506,0.2072
hsa-mir-4434,0.155899117140664,0.2064
hsa-mir-548y,0.0478756619589354,0.2061
hsa-mir-3680-1,0.1852380534573477,0.2041
hsa-mir-7155,0.0437098465531346,0.2031
hsa-mir-374c,0.8363355740174394,0.2031
hsa-mir-6721,0.0697209924044751,0.2026
hsa-mir-4632,0.1445956939139143,0.2025
hsa-mir-1275,0.1866374641363989,0.2022
hsa-mir-6807,0.1297099943705714,0.201
hsa-mir-6852,0.2161181980738205,0.2005
hsa-mir-5685,0.0395835743265541,0.2002
hsa-mir-545,0.5485552025236587,0.1999
hsa-mir-2276,0.1265209736346227,0.1979
hsa-mir-3529,0.0056094062949679,0.1978
hsa-mir-3622b,0.0225778799028612,0.1971
hsa-mir-6727,0.0972072671720768,0.1962
hsa-mir-4691,0.088297867711816,0.1952
hsa-mir-4777,0.3008921215524371,0.1948
hsa-mir-4444-1,0.3437575792026337,0.1947
hsa-mir-4781,0.2007037743210242,0.1944
hsa-mir-4749,0.1285769188665444,0.1937
hsa-mir-6795,0.0135842770396322,0.1932
hsa-mir-3157,0.420963475609114,0.1922
hsa-mir-1181,0.1661087061300094,0.1912
hsa-mir-6874,0.3945492880849759,0.1906
hsa-mir-888,3.050804581441003,0.1899
hsa-mir-548f-1,-0.0859931018982949,0.1893
hsa-mir-4780,0.0858670645885388,0.189
hsa-mir-1291,0.8183461110193694,0.1885
hsa-mir-1250,0.0752831207774172,0.1863
hsa-mir-4726,0.0944073381574362,0.1861
hsa-mir-1537,0.2101721745732238,0.1861
hsa-mir-6717,0.0496975054558429,0.1858
hsa-mir-4522,0.0815021259440339,0.1858
hsa-mir-3144,0.1014606489921709,0.1857
hsa-mir-6794,0.056049898435334,0.1851
hsa-mir-4674,0.0516607716589691,0.1835
hsa-mir-3117,0.6215123301821905,0.1834
hsa-mir-3938,0.016607938858759,0.1829
hsa-mir-4529,0.0976042602696834,0.1822
hsa-mir-765,0.3950028627296928,0.182
hsa-mir-548ao,-0.0020199069284671,0.1809
hsa-mir-6845,0.0651790579958616,0.1802
hsa-mir-6850,0.0116597567509974,0.1789
hsa-mir-6858,0.0939493948372724,0.1775
hsa-mir-4734,0.0053346800885269,0.1775
hsa-mir-4754,0.1454431265295806,0.1773
hsa-mir-4286,0.1120842289517746,0.1767
hsa-mir-6769b,0.0253276612263974,0.1765
hsa-mir-4738,0.0731402649842787,0.1764
hsa-mir-3194,0.1804475201311848,0.1761
hsa-mir-6872,0.0055982877744232,0.1759
hsa-mir-4800,0.1662075521836712,0.1747
hsa-mir-4728,3.024459315686256,0.1741
hsa-mir-4446,0.2320946837272708,0.1739
hsa-mir-6827,0.0450233790611087,0.172
hsa-mir-7109,0.0583285869198654,0.1719
hsa-mir-6769a,0.1093499549017638,0.1718
hsa-mir-1248,3.124633130835705,0.1692
hsa-mir-3171,0.0132940947348183,0.1687
hsa-mir-4687,0.1680296692482793,0.1682
hsa-mir-5003,0.2143955248515006,0.1679
hsa-mir-4762,0.2187553265748458,0.1679
hsa-mir-1237,0.0903009034579074,0.1677
hsa-mir-5698,0.5985138223023481,0.1667
hsa-mir-6825,0.0540947424289864,0.1666
hsa-mir-7846,0.1594202081500251,0.1662
hsa-mir-3145,0.1117546886992349,0.166
hsa-mir-3659,0.0211655102631536,0.1658
hsa-mir-548aq,0.011319727931075,0.1654
hsa-mir-6503,0.3568092625339063,0.1648
hsa-mir-3065,99.05239919146592,0.1642
hsa-mir-4492,0.0146022630427884,0.1642
hsa-mir-588,0.1090356285057407,0.1634
hsa-mir-659,1.4168393218129258,0.1628
hsa-mir-4741,0.2163675269266406,0.1624
hsa-mir-548o,0.2908631271304625,0.1619
hsa-mir-6780b,0.0734633562749613,0.1607
hsa-mir-6734,0.2749746821580487,0.1605
hsa-mir-6891,0.2525381874110072,0.1601
hsa-mir-6849,-0.0003089301459592,0.1593
hsa-mir-3133,0.0914760182168141,0.1591
hsa-mir-600,0.0573309117646783,0.159
hsa-mir-4787,1.0820399417987208,0.1574
hsa-mir-4420,-0.0088705562728995,0.1568
hsa-mir-5695,0.0555530018588888,0.1568
hsa-mir-1238,0.0291052607788038,0.156
hsa-mir-5580,0.0246401751306101,0.156
hsa-mir-3939,0.0252547637771841,0.1543
hsa-mir-6846,0.0086053802997132,0.1535
hsa-mir-6801,0.0118718529058572,0.1534
hsa-mir-5589,2.33490017730316,0.1531
hsa-mir-6890,0.032149716360662,0.1531
hsa-mir-6782,0.0447234951124145,0.1511
hsa-mir-4680,0.110442362205838,0.1502
hsa-mir-3690-1,0.6154906062371299,0.15
hsa-mir-4732,0.547156690172068,0.1497
hsa-mir-6743,0.0907050497528981,0.1495
hsa-mir-1284,0.2129752667370332,0.1492
hsa-mir-4457,0.005748290692238,0.1489
hsa-mir-6505,0.1368893469139787,0.1477
hsa-mir-7850,0.1065305588911047,0.1473
hsa-mir-3653,9.485158559295398,0.1462
hsa-mir-6851,0.0372269798378134,0.1454
hsa-mir-641,0.1625121343542458,0.1454
hsa-mir-5705,-0.0003291663828241,0.1445
hsa-mir-5703,0.1970849225230138,0.1428
hsa-mir-6763,0.0526042018806057,0.1428
hsa-mir-5196,-0.0044906102576418,0.1415
hsa-mir-4482,0.0566536709660376,0.1395
hsa-mir-6732,0.0298886212256924,0.1388
hsa-mir-892b,1.1785871596203683,0.1376
hsa-mir-4520-2,0.0069087928391681,0.1365
hsa-mir-3198-2,0.0838940243998106,0.1359
hsa-mir-6855,0.1620922889665558,0.1352
hsa-mir-4453,0.1297247957979315,0.1349
hsa-mir-7114,0.0417440724935062,0.1348
hsa-mir-1246,-0.0396339764913041,0.1347
hsa-mir-6773,0.1533516400390886,0.1346
hsa-mir-6502,0.3070637485357302,0.1339
hsa-mir-326,6.223912156929984,0.1337
hsa-mir-3140,0.1581928933990323,0.1332
hsa-mir-6832,0.0273215064910114,0.1323
hsa-mir-1229,1.0334684714782951,0.1312
hsa-mir-892a,6.099791535391015,0.1304
hsa-mir-6751,0.0809592787644915,0.1303
hsa-mir-1236,0.0392426248866469,0.1301
hsa-mir-4487,0.0434194612932616,0.1301
hsa-mir-7111,0.034566110670206,0.1286
hsa-mir-3190,0.1651786823941262,0.1279
hsa-mir-6779,0.0372495460548659,0.1265
hsa-mir-6726,0.08527351447917,0.1259
hsa-mir-4707,0.2679911390058121,0.1258
hsa-mir-4421,0.0584115597860944,0.1249
hsa-mir-548o-2,0.2566250947284266,0.1236
hsa-mir-6774,0.0823092397536665,0.1229
hsa-mir-4740,0.0841301629374482,0.1225
hsa-mir-7844,0.1049783022805429,0.1218
hsa-mir-578,0.092674207174776,0.1218
hsa-mir-3920,0.1281351929049186,0.1211
hsa-mir-3618,0.1400165090994141,0.1207
hsa-mir-3192,0.0694017479458594,0.1207
hsa-mir-4790,0.0008333299072224,0.1201
hsa-mir-4643,-0.0039644434566234,0.1197
hsa-mir-3151,0.0729408141857865,0.1196
hsa-mir-4505,0.0288614695729864,0.1193
hsa-mir-4675,0.013220330195951,0.1186
hsa-mir-4723,0.050464259761358,0.1185
hsa-mir-3680-2,0.1125343118384798,0.1181
hsa-mir-6844,0.1290691126289211,0.1179
hsa-mir-7158,-0.0028305387120473,0.1177
hsa-mir-6887,0.0773092432445389,0.1171
hsa-mir-4697,0.0355923195430778,0.1167
hsa-mir-4683,0.0644559322651914,0.1156
hsa-mir-4776-2,0.0054356465451337,0.1151
hsa-mir-6736,0.024157870624499,0.115
hsa-mir-4700,0.0852526666965143,0.1144
hsa-mir-4435-2,0.0239032422183954,0.1127
hsa-mir-6883,0.0586334889960458,0.1122
hsa-mir-4648,0.0241798221731585,0.1119
hsa-mir-6884,0.080142565686514,0.1118
hsa-mir-3161,0.2875387492028903,0.1108
hsa-mir-4254,0.03026396619182,0.11
hsa-mir-6788,0.2939665856542555,0.1097
hsa-mir-6826,0.0500268753427429,0.1094
hsa-mir-6766,0.0662367574056741,0.1092
hsa-mir-6772,0.0883578869850984,0.1088
hsa-mir-4714,0.1964222331974092,0.1082
hsa-mir-4519,0.0697380258614479,0.1082
hsa-mir-5582,0.0317962571807071,0.1079
hsa-mir-3655,0.1770546564529509,0.1077
hsa-mir-1225,0.1533042295712404,0.1074
hsa-mir-3197,0.0286032336976658,0.1072
hsa-mir-3667,0.150647098057056,0.1064
hsa-mir-6868,0.342929007543682,0.1057
hsa-mir-4701,0.0680770864386044,0.1044
hsa-mir-4768,0.1100807611900791,0.1044
hsa-mir-3174,0.1936922771614982,0.1039
hsa-mir-4789,0.0619992611697133,0.1039
hsa-mir-1255a,0.3433149254906995,0.1031
hsa-mir-943,0.0406615883479642,0.1028
hsa-mir-4802,0.2165171874758115,0.102
hsa-mir-3186,0.0088916567082739,0.1016
hsa-mir-6799,0.0347645520862303,0.1015
hsa-mir-6862-1,0.024057018746191,0.0996
hsa-mir-5094,0.0649556248455205,0.0995
hsa-mir-7151,0.0215012927292433,0.0995
hsa-mir-4424,0.2099501162738983,0.0994
hsa-mir-3927,0.024812053084256,0.0994
hsa-mir-3199-1,0.2591498456360288,0.0982
hsa-mir-4782,0.0499105404330387,0.0981
hsa-mir-890,0.1958847826351049,0.0949
hsa-mir-5696,0.2509669559642059,0.0945
hsa-mir-6765,0.0165021070518909,0.0945
hsa-mir-4739,0.0693607691963207,0.0944
hsa-mir-6870,0.0435387136578289,0.094
hsa-mir-4657,0.0883406060028891,0.0927
hsa-mir-4654,0.0537559279974371,0.0925
hsa-mir-6738,0.0236445228742449,0.0919
hsa-mir-4431,0.5713391410968458,0.0907
hsa-mir-4678,0.0859153938137732,0.0904
hsa-mir-320e,0.1293311671775157,0.0899
hsa-mir-1913,0.016038710551465,0.0891
hsa-mir-3115,0.0673265661174356,0.089
hsa-mir-6813,0.0678561623857003,0.0889
hsa-mir-3164,0.0291187380236729,0.0884
hsa-mir-4776-1,0.0077479704914924,0.0882
hsa-mir-548ah,0.0311673470567956,0.0868
hsa-mir-4515,0.07704768515173,0.0867
hsa-mir-4645,0.3071396867237135,0.0862
hsa-mir-4435-1,0.0426628960781343,0.0851
hsa-mir-5193,0.1671257955288319,0.0845
hsa-mir-6733,0.3242618303226542,0.0845
hsa-mir-4794,0.0334639005539071,0.0844
hsa-mir-3654,0.2737137793218693,0.084
hsa-mir-4489,0.0123928395080022,0.0833
hsa-mir-6787,0.0348277669965802,0.0827
hsa-mir-6829,0.0111022491345061,0.0824
hsa-mir-6836,0.0313464473858955,0.0805
hsa-mir-5089,0.0310937872414483,0.08
hsa-mir-4461,1.422987834435422,0.0795
hsa-mir-208a,0.037419051254831,0.0784
hsa-mir-875,-0.1189986592594366,0.0784
hsa-mir-4743,0.0447001009712122,0.0768
hsa-mir-6785,0.0312409405834247,0.0765
hsa-mir-4651,0.0636332330557457,0.0763
hsa-mir-6811,0.0119886113028366,0.0759
hsa-mir-4710,0.0109385343362925,0.0758
hsa-mir-5100,0.0479181509938613,0.074
hsa-mir-3155a,0.071275701513112,0.0736
hsa-mir-6723,0.3112529911778601,0.0733
hsa-mir-23c,0.3492271701094095,0.0732
hsa-mir-3064,0.309281781913761,0.0712
hsa-mir-4488,0.0221874650475063,0.0699
hsa-mir-4526,0.0154336504521487,0.0698
hsa-mir-7703,0.0380960055022332,0.0677
hsa-mir-548a-3,0.0441516009456518,0.0676
hsa-mir-6881,0.0346591477774278,0.0658
hsa-mir-6889,0.0113434536912992,0.0657
hsa-mir-3646,0.0098384913005047,0.0644
hsa-mir-1269b,13.103766913532503,0.0642
hsa-mir-3178,0.0998769712067366,0.064
hsa-mir-4451,0.0358407660083822,0.0632
hsa-mir-3137,0.0306591559088839,0.0627
hsa-mir-4775,0.1920307011904348,0.062
hsa-mir-4536-1,0.1601718240578531,0.0611
hsa-mir-4498,0.0110259154487178,0.0609
hsa-mir-4690,0.0917022629210858,0.0606
hsa-mir-550b-1,0.0231467515349934,0.0569
hsa-mir-3128,0.0334307828028482,0.0566
hsa-mir-6753,0.009253662301155,0.0562
hsa-mir-3180-4,0.0157507010230034,0.056
hsa-mir-3918,0.0285035883660584,0.0558
hsa-mir-4793,0.0293767424633544,0.0546
hsa-mir-4502,0.0035303611942905,0.0545
hsa-mir-548f-4,-0.0038590218279713,0.0527
hsa-mir-7843,0.0022145405714263,0.0525
hsa-mir-3183,0.0741010552977235,0.052
hsa-mir-548aw,0.319713982160298,0.0517
hsa-mir-4536-2,0.1749581788580109,0.0506
hsa-mir-4667,0.0266850196898966,0.0502
hsa-mir-4528,0.0151003090265173,0.0497
hsa-mir-6862-2,0.0035233013618447,0.0488
hsa-mir-6804,0.0396462801893554,0.0487
hsa-mir-4733,0.1095478700131273,0.0475
hsa-mir-572,0.0154332738929325,0.0474
hsa-mir-605,0.2040148212256354,0.0463
hsa-mir-3139,0.0304011768287124,0.046
hsa-mir-6792,-0.0034114649240559,0.0454
hsa-mir-1257,0.0233486645118359,0.0451
hsa-mir-4706,0.0199630328129079,0.0449
hsa-mir-5004,0.0119053796580608,0.0446
hsa-mir-4465,0.0185818770342297,0.0433
hsa-mir-4753,0.1009221189707694,0.0429
hsa-mir-1285-1,0.0308450171758299,0.0427
hsa-mir-3661,-0.0016092626013157,0.0417
hsa-mir-1294,0.1858537121178052,0.0412
hsa-mir-6821,0.095534115690217,0.0412
hsa-mir-4533,0.0813516833741992,0.0401
hsa-mir-3650,0.0203143689888703,0.0398
hsa-mir-3143,0.1006022251064455,0.0396
hsa-mir-7976,0.1123182953762452,0.038
hsa-mir-6869,0.009157748410069,0.0368
hsa-mir-6508,0.0771045488777366,0.0364
hsa-mir-933,0.0308672307461264,0.0363
hsa-mir-1304,1.075634246264991,0.0354
hsa-mir-5189,0.0141354466455532,0.0352
hsa-mir-3202-2,0.0190150114908634,0.0344
hsa-mir-4708,0.0041110049128469,0.033
hsa-mir-6500,0.0049794416691839,0.0322
hsa-mir-3198-1,0.0421152205843675,0.0318
hsa-mir-4767,0.0498903133585309,0.0315
hsa-mir-4512,0.0187695598761788,0.0293
hsa-mir-4641,0.0010736326469779,0.0289
hsa-mir-3936,0.1464074392134459,0.0281
hsa-mir-4659a,0.0496392685354552,0.0254
hsa-mir-4804,0.0315445544194714,0.0246
hsa-mir-3921,0.0209202389250196,0.0237
hsa-mir-3202-1,0.0303524059127037,0.0236
hsa-mir-1909,0.0524268011422345,0.023
hsa-mir-6776,0.0632014651938064,0.0228
hsa-mir-4306,0.0345485685941188,0.0228
hsa-mir-2278,0.0536391233559899,0.0223
hsa-mir-3660,0.0647816427637594,0.0222
hsa-mir-6513,0.1312868922671295,0.0221
hsa-mir-6822,0.0506519930974685,0.0213
hsa-mir-5009,0.0609199488445306,0.0209
hsa-mir-1252,0.0132755700294469,0.0169
hsa-mir-3609,0.2666663006155712,0.0161
hsa-mir-4496,0.0483619630016504,0.016
hsa-mir-3910-1,0.0363230056944031,0.0158
hsa-mir-4751,0.0637822014155705,0.0153
hsa-mir-4470,0.1191292304056322,0.0153
hsa-mir-4757,0.0372525440765241,0.0153
hsa-mir-198,0.0221771875907455,0.0153
hsa-mir-548l,0.0310463383557707,0.0151
hsa-mir-3182,0.0271153106361009,0.0147
hsa-mir-4759,0.0102077288929591,0.0141
hsa-mir-6873,0.0615594418488812,0.0138
hsa-mir-18b,0.74216120036922,0.0119
hsa-mir-4673,0.0164451296311961,0.0119
hsa-mir-6778,0.0366145340402044,0.0117
hsa-mir-3688-2,0.0477240696955204,0.011
hsa-mir-4480,0.0172111038370661,0.0107
hsa-mir-3688-1,0.0370979436527651,0.0104
hsa-mir-6767,0.0359985749334493,0.0079
hsa-mir-6824,0.00854567281511,0.0075
hsa-mir-4716,0.0379547043006513,0.0075
hsa-mir-6740,0.0564113860344926,0.0072
hsa-mir-4727,0.1635060828522466,0.0072
hsa-mir-1278,0.040488132114625,0.007
hsa-mir-6840,0.0103518272923281,0.0067
hsa-mir-548ay,0.0387209445685763,0.0058
hsa-mir-6809,0.0383553067198831,0.0053
hsa-mir-3925,0.0475275054198047,0.0053
hsa-mir-1286,0.0213443469378455,0.0051
hsa-mir-4430,-0.0017772384038122,0.004
hsa-mir-6888,0.0374718886017532,0.0038
hsa-mir-555,0.051100336692297,0.0031
hsa-mir-1303,0.0304054638928428,0.003
hsa-mir-3120,0.0171231398152299,0.0029
hsa-mir-6515,0.1690494709699089,0.0027
hsa-mir-4774,0.001852297968824,0.0021
hsa-mir-4666a,0.0105098847630327,0.0019
hsa-mir-1267,0.0085595174131812,0.0018
hsa-mir-492,0.0544580451796661,0.0016
hsa-mir-6729,0.0257430563625722,0.0007
hsa-mir-4717,0.0668464848183377,0.0006
hsa-mir-6715a,2.791900083474894,0.0004
hsa-mir-6771,0.0017411550110434,0.0
hsa-mir-4452,0.0170284612117444,0.0
hsa-mir-7113,0.0557714506947488,0.0
hsa-mir-4516,0.0116811716431279,0.0
hsa-mir-4511,0.0381953668642548,0.0
hsa-mir-4510,0.0134848205598857,0.0
hsa-mir-4504,0.0202038337137768,0.0
hsa-mir-4494,0.0161865449999952,0.0
hsa-mir-448,0.5148420541838337,0.0
hsa-mir-4478,0.0063054837444638,0.0
hsa-mir-4474,0.0002942978084789,0.0
hsa-mir-4466,0.0228600931740965,0.0
hsa-mir-4436b-1,0.0087306099415444,0.0
hsa-mir-4436b-2,0.0018367547607704,0.0
hsa-mir-4635,0.0157015800954749,0.0
hsa-mir-4433b,0.2030565272864332,0.0
hsa-mir-4427,-0.0058272006508817,0.0
hsa-mir-4426,0.0174875323064733,0.0
hsa-mir-4425,0.0136793252627666,0.0
hsa-mir-4422,0.0384835048367703,0.0
hsa-mir-1231,0.0157546250086973,0.0
hsa-mir-4419b,0.0265243004670412,0.0
hsa-mir-1911,32.22910089519413,0.0
hsa-mir-4532,0.025496290131508,0.0
hsa-mir-4639,0.0580502088765584,0.0
hsa-mir-4637,0.0113156365752342,0.0
hsa-mir-4284,0.0524679746444234,0.0
hsa-mir-4730,0.0068276391108518,0.0
hsa-mir-4729,0.0122501651177394,0.0
hsa-mir-4722,0.0081476201182389,0.0
hsa-mir-4720,0.0109664425161608,0.0
hsa-mir-4715,0.0149716898634637,0.0
hsa-mir-4712,0.0147054725743318,0.0
hsa-mir-4695,0.0284241011754158,0.0
hsa-mir-4689,0.030123101754371,0.0
hsa-mir-4679-2,0.026707340682966,0.0
hsa-mir-4679-1,0.0282449485213613,0.0
hsa-mir-4672,-0.0048941583002961,0.0
hsa-mir-4671,0.016569505933627,0.0
hsa-mir-4670,0.0440596321683472,0.0
hsa-mir-4669,0.0106364165336659,0.0
hsa-mir-4662b,0.0181231378745839,0.0
hsa-mir-4659b,0.0179972214057301,0.0
hsa-mir-4653,0.0228234851062191,0.0
hsa-mir-4644,0.0218679842828632,0.0
hsa-mir-4642,-0.0047140161096246,0.0
hsa-mir-7106,0.0063596406072975,0.0
hsa-mir-7108,-0.0086829747729962,0.0
hsa-mir-1912,5.52991731196877,0.0
hsa-mir-3937,-0.3421793461673124,0.0
hsa-mir-3945,0.0239690194377575,0.0
hsa-mir-3156-2,0.1137420381010251,0.0
hsa-mir-892c,0.4847451378769739,0.0
hsa-mir-3195,0.010203114842641,0.0
hsa-mir-3181,0.0188416221247716,0.0
hsa-mir-3175,0.020795240159249,0.0
hsa-mir-3165,-0.004559402492816,0.0
hsa-mir-3163,0.0188310936244721,0.0
hsa-mir-3162,0.0085688546124209,0.0
hsa-mir-3160-2,0.013307520160339,0.0
hsa-mir-3160-1,0.0148148912042472,0.0
hsa-mir-3159,-0.0076526662564082,0.0
hsa-mir-3156-1,0.2084186717909384,0.0
hsa-mir-4731,0.0302393042441405,0.0
hsa-mir-938,-0.0036600618376767,0.0
hsa-mir-3149,0.0507753846308673,0.0
hsa-mir-3146,0.0332023594770377,0.0
hsa-mir-3135a,0.020957579558413,0.0
hsa-mir-3129,0.167709149552436,0.0
hsa-mir-3126,0.0399402889853324,0.0
hsa-mir-3124,0.0862106923078341,0.0
hsa-mir-3121,0.0155403964902846,0.0
hsa-mir-3116-2,0.0105197183296108,0.0
hsa-mir-3116-1,0.0076964218520485,0.0
hsa-mir-3196,-0.0077027241380661,0.0
hsa-mir-3606,0.009056788273831,0.0
hsa-mir-891b,0.9803746136096984,0.0
hsa-mir-3611,0.0290187504702103,0.0
hsa-mir-3923,6.703027931941165,0.0
hsa-mir-3919,0.0252399222953482,0.0
hsa-mir-7848,0.0185946743026453,0.0
hsa-mir-3916,0.022535436665394,0.0
hsa-mir-7851,-0.0013623473973678,0.0
hsa-mir-3914-1,0.0108832217212654,0.0
hsa-mir-3910-2,0.0304599985867225,0.0
hsa-mir-3907,0.0106835713232507,0.0
hsa-mir-378i,-0.0496574182496378,0.0
hsa-mir-378g,0.0283956286580884,0.0
hsa-mir-378f,0.0614684132935643,0.0
hsa-mir-378b,0.0172405792485053,0.0
hsa-mir-371b,0.0461864323836292,0.0
hsa-mir-3692,0.0148512869310307,0.0
hsa-mir-3689f,-0.0011725496365918,0.0
hsa-mir-3685,0.0009954637833561,0.0
hsa-mir-3663,-0.0094260307135281,0.0
hsa-mir-3662,0.5479137942509502,0.0
hsa-mir-3658,0.025715246014511,0.0
hsa-mir-3657,0.0293809585828794,0.0
hsa-mir-3656,0.0222071750720293,0.0
hsa-mir-6878,0.0170424241346049,0.0
hsa-mir-6876,0.0118661371742123,0.0
hsa-mir-6758,0.0417352211679841,0.0
hsa-mir-548q,0.2033641153694138,0.0
hsa-mir-597,0.0957107439046219,0.0
hsa-mir-1256,0.0574504364811702,0.0
hsa-mir-5702,0.0256805792704299,0.0
hsa-mir-5697,0.0265431890680696,0.0
hsa-mir-5693,0.0160238368536891,0.0
hsa-mir-5682,0.3137217283826423,0.0
hsa-mir-5681b,0.0331209626513354,0.0
hsa-mir-564,0.0130660371561875,0.0
hsa-mir-5585,-0.002310230739339,0.0
hsa-mir-550b-2,0.0180566395277212,0.0
hsa-mir-1245b,0.0282605468497843,0.0
hsa-mir-4744,0.0226556914038471,0.0
hsa-mir-548n,0.0317738431836908,0.0
hsa-mir-548az,0.026231366359622,0.0
hsa-mir-548ax,0.0175027973289716,0.0
hsa-mir-548av,-0.0018894225643162,0.0
hsa-mir-548at,0.038303549079829,0.0
hsa-mir-6816,0.0077431354964715,0.0
hsa-mir-6817,0.0329279774300983,0.0
hsa-mir-6818,0.1528905314294398,0.0
hsa-mir-6819,0.0086791596213257,0.0
hsa-mir-548ar,0.032890896449204,0.0
hsa-mir-599,-0.6490896215042206,0.0
hsa-mir-603,0.0120735852043557,0.0
hsa-mir-6796,0.04053137877012,0.0
hsa-mir-6073,0.0238911052979167,0.0
hsa-mir-6757,0.0307066700582964,0.0
hsa-mir-6756,0.0129733889905281,0.0
hsa-mir-6775,0.0242503256399681,0.0
hsa-mir-6742,0.0378736463013177,0.0
hsa-mir-6739,0.0600714033109,0.0
hsa-mir-6718,1.5549784717520456,0.0
hsa-mir-6780a,0.0221155672098861,0.0
hsa-mir-6715b,0.8662066223436463,0.0
hsa-mir-670,1.2508915926041242,0.0
hsa-mir-6506,0.0634531182175901,0.0
hsa-mir-6504,0.0105124206505954,0.0
hsa-mir-642b,0.0469627027969021,0.0
hsa-mir-622,0.0050701636110107,0.0
hsa-mir-614,0.021910767894001,0.0
hsa-mir-612,0.6523673394615537,0.0
hsa-mir-6789,-0.0100750585464814,0.0
hsa-mir-6790,-0.0028253500422573,0.0
hsa-mir-6791,0.020379160647357,0.0
hsa-mir-611,0.0318101801736607,0.0
hsa-mir-6087,0.2429398907499701,0.0
hsa-mir-6084,0.0519343597573869,0.0
hsa-mir-548al,0.0238674173658842,0.0
hsa-mir-548ai,0.0355848928850134,0.0
hsa-mir-6823,0.0166777195818632,0.0
hsa-mir-4799,0.0143952789015843,0.0
hsa-mir-4795,0.0529223624879559,0.0
hsa-mir-4792,0.0374681900315197,0.0
hsa-mir-4788,0.3700094290048739,0.0
hsa-mir-6856,0.0476780402365857,0.0
hsa-mir-6857,0.0108512692408584,0.0
hsa-mir-4784,-0.285635205034543,0.0
hsa-mir-4779,0.0064295297167207,0.0
hsa-mir-6861,0.010329086105512,0.0
hsa-mir-4771-2,0.0089486024849016,0.0
hsa-mir-4771-1,0.0133607799902311,0.0
hsa-mir-6864,0.006258233776999,0.0
hsa-mir-6865,0.0127742948161913,0.0
hsa-mir-6866,0.0292254345747902,0.0
hsa-mir-6867,0.0203260842268243,0.0
hsa-mir-4769,0.0025135362243387,0.0
hsa-mir-4764,0.0048373692692288,0.0
hsa-mir-4760,0.0166621037466446,0.0
hsa-mir-4752,0.034606103558665,0.0
hsa-mir-4750,0.0261506867934204,0.0
hsa-mir-4748,0.0108071785766453,0.0
hsa-mir-4747,0.0165509414045699,0.0
hsa-mir-4798,0.027348723780213,0.0
hsa-mir-4803,-0.0011704911911898,0.0
hsa-mir-548ag-1,0.0041662992016755,0.0
hsa-mir-184,32.794876416065854,0.0
hsa-mir-544b,0.0251541977618815,0.0
hsa-mir-1264,6.224252332448953,0.0
hsa-mir-1265,0.0356609738464258,0.0
hsa-mir-1289-1,0.0332330643263614,0.0
hsa-mir-6830,0.0134957428445716,0.0
hsa-mir-6831,0.0061379476334487,0.0
hsa-mir-5194,0.0162376328830381,0.0
hsa-mir-5188,0.0580617513947677,0.0
hsa-mir-1298,38.547168312582045,0.0
hsa-mir-1302-3,0.0215567510435541,0.0
hsa-mir-1305,-0.024749258348789,0.0
hsa-mir-6838,0.0329807576043001,0.0
hsa-mir-6839,0.0481400908478759,0.0
hsa-mir-1322,0.0010175762872949,0.0
hsa-mir-5093,-0.0025876692267479,0.0
hsa-mir-5087,0.0101033838721327,0.0
hsa-mir-5006,0.0603178838930604,0.0
hsa-mir-499b,0.0327802107864659,0.0
hsa-mir-2467,0.016043248880231,0.0
hsa-mir-1539,-0.001847335571092,0.0
hsa-mir-6848,0.0038012567330002,0.0
hsa-mir-2681,-0.0014621584427712,0.0
